{
  "web": {
    "client_id": "7170195291-e2tqvk1o4aq373geeit9boda3740k35a.apps.googleusercontent.com",
    "project_id": "gam-project-krr-cys-epw",
    "auth_uri": "https://accounts.google.com/o/oauth2/auth",
    "token_uri": "https://oauth2.googleapis.com/token",
    "auth_provider_x509_cert_url": "https://www.googleapis.com/oauth2/v1/certs",
    "client_secret": "IeTs4yL-KQ3RRbh5CfgOGaUJ",
    "redirect_uris": [
      "https://samdev-wamp.branchburg.k12.nj.us",
      "https://samdev-wamp.branchburg.k12.nj.us/settings/districts"
    ],
    "javascript_origins": [
      "https://samdev-wamp.branchburg.k12.nj.us"
    ]
  }
}