{"access_token":"ya29.Il-4Bx0hMZlkAbFnAsN9NjjBBth1yht6lNO8T3efoZaqY4D5KZ7WJR6EC6Wj14M1YjG7xjsdHddWAqVr5OakxwCmwPfC-Vb8sMUvHXValPQsMhcEYuXs05VsOzm_09Fk2g","expires_in":3600,"refresh_token":"1\/\/0duvo-AJuSYzdCgYIARAAGA0SNwF-L9Ir7tnNjUWa5y2zCvE6EsciRpbTdCUnR-FHk64o5i1Jwi1B5csRZTXydThlUGlkTAtHNb4","scope":"https:\/\/www.googleapis.com\/auth\/admin.directory.domain https:\/\/www.googleapis.com\/auth\/admin.directory.customer https:\/\/www.googleapis.com\/auth\/admin.directory.user https:\/\/www.googleapis.com\/auth\/admin.directory.group https:\/\/www.googleapis.com\/auth\/admin.directory.orgunit https:\/\/www.googleapis.com\/auth\/admin.directory.resource.calendar","token_type":"Bearer","created":1578583840}